-- MySQL dump 10.13  Distrib 8.0.33, for Win64 (x86_64)
--
-- Host: localhost    Database: jobdb
-- ------------------------------------------------------
-- Server version	8.0.33

/*!40101 SET @OLD_CHARACTER_SET_CLIENT=@@CHARACTER_SET_CLIENT */;
/*!40101 SET @OLD_CHARACTER_SET_RESULTS=@@CHARACTER_SET_RESULTS */;
/*!40101 SET @OLD_COLLATION_CONNECTION=@@COLLATION_CONNECTION */;
/*!50503 SET NAMES utf8 */;
/*!40103 SET @OLD_TIME_ZONE=@@TIME_ZONE */;
/*!40103 SET TIME_ZONE='+00:00' */;
/*!40014 SET @OLD_UNIQUE_CHECKS=@@UNIQUE_CHECKS, UNIQUE_CHECKS=0 */;
/*!40014 SET @OLD_FOREIGN_KEY_CHECKS=@@FOREIGN_KEY_CHECKS, FOREIGN_KEY_CHECKS=0 */;
/*!40101 SET @OLD_SQL_MODE=@@SQL_MODE, SQL_MODE='NO_AUTO_VALUE_ON_ZERO' */;
/*!40111 SET @OLD_SQL_NOTES=@@SQL_NOTES, SQL_NOTES=0 */;

--
-- Table structure for table `apply`
--

DROP TABLE IF EXISTS `apply`;
/*!40101 SET @saved_cs_client     = @@character_set_client */;
/*!50503 SET character_set_client = utf8mb4 */;
CREATE TABLE `apply` (
  `id` int NOT NULL AUTO_INCREMENT,
  `candidate_id` int DEFAULT NULL,
  `employer_id` int DEFAULT NULL,
  `created_date` datetime DEFAULT NULL,
  PRIMARY KEY (`id`),
  KEY `fk_apply_user_employer_idx` (`employer_id`),
  KEY `fk_apply_user_candidate_idx` (`candidate_id`),
  CONSTRAINT `fk_apply_user_candidate` FOREIGN KEY (`candidate_id`) REFERENCES `user` (`id`),
  CONSTRAINT `fk_apply_user_employer` FOREIGN KEY (`employer_id`) REFERENCES `user` (`id`)
) ENGINE=InnoDB DEFAULT CHARSET=utf8mb4 COLLATE=utf8mb4_0900_ai_ci;
/*!40101 SET character_set_client = @saved_cs_client */;

--
-- Dumping data for table `apply`
--

LOCK TABLES `apply` WRITE;
/*!40000 ALTER TABLE `apply` DISABLE KEYS */;
/*!40000 ALTER TABLE `apply` ENABLE KEYS */;
UNLOCK TABLES;

--
-- Table structure for table `employment_type`
--

DROP TABLE IF EXISTS `employment_type`;
/*!40101 SET @saved_cs_client     = @@character_set_client */;
/*!50503 SET character_set_client = utf8mb4 */;
CREATE TABLE `employment_type` (
  `id` int NOT NULL AUTO_INCREMENT,
  `employment` varchar(255) DEFAULT NULL,
  PRIMARY KEY (`id`)
) ENGINE=InnoDB AUTO_INCREMENT=5 DEFAULT CHARSET=utf8mb4 COLLATE=utf8mb4_0900_ai_ci;
/*!40101 SET character_set_client = @saved_cs_client */;

--
-- Dumping data for table `employment_type`
--

LOCK TABLES `employment_type` WRITE;
/*!40000 ALTER TABLE `employment_type` DISABLE KEYS */;
INSERT INTO `employment_type` VALUES (1,'intern'),(2,'fresher'),(3,'junior'),(4,'senior ');
/*!40000 ALTER TABLE `employment_type` ENABLE KEYS */;
UNLOCK TABLES;

--
-- Table structure for table `faculty`
--

DROP TABLE IF EXISTS `faculty`;
/*!40101 SET @saved_cs_client     = @@character_set_client */;
/*!50503 SET character_set_client = utf8mb4 */;
CREATE TABLE `faculty` (
  `id` int NOT NULL AUTO_INCREMENT,
  `faculty` varchar(255) CHARACTER SET utf8mb3 COLLATE utf8mb3_general_ci DEFAULT NULL,
  PRIMARY KEY (`id`)
) ENGINE=InnoDB AUTO_INCREMENT=9 DEFAULT CHARSET=utf8mb4 COLLATE=utf8mb4_0900_ai_ci;
/*!40101 SET character_set_client = @saved_cs_client */;

--
-- Dumping data for table `faculty`
--

LOCK TABLES `faculty` WRITE;
/*!40000 ALTER TABLE `faculty` DISABLE KEYS */;
INSERT INTO `faculty` VALUES (1,'Information Technology'),(2,'Medicine'),(3,'Engineering'),(4,'Biology'),(5,'Economics'),(6,'Psychology'),(7,'Geography'),(8,'History');
/*!40000 ALTER TABLE `faculty` ENABLE KEYS */;
UNLOCK TABLES;

--
-- Table structure for table `job`
--

DROP TABLE IF EXISTS `job`;
/*!40101 SET @saved_cs_client     = @@character_set_client */;
/*!50503 SET character_set_client = utf8mb4 */;
CREATE TABLE `job` (
  `id` int NOT NULL AUTO_INCREMENT,
  `employer_id` int NOT NULL,
  `name` varchar(255) NOT NULL,
  `employment_type_id` int NOT NULL,
  `salary` int NOT NULL,
  `description` text,
  `company` varchar(100) NOT NULL,
  `address` varchar(100) NOT NULL,
  `phone` varchar(15) NOT NULL,
  `emailcompany` varchar(100) NOT NULL,
  `otherinfomation` varchar(255) DEFAULT NULL,
  `date_posted` date NOT NULL,
  PRIMARY KEY (`id`),
  KEY `fl_work_user_idx` (`employer_id`),
  KEY `fk_job_employment_type_idx` (`employment_type_id`),
  CONSTRAINT `fk_job_employment_type` FOREIGN KEY (`employment_type_id`) REFERENCES `employment_type` (`id`),
  CONSTRAINT `fk_work_user` FOREIGN KEY (`employer_id`) REFERENCES `user` (`id`)
) ENGINE=InnoDB AUTO_INCREMENT=2 DEFAULT CHARSET=utf8mb4 COLLATE=utf8mb4_0900_ai_ci;
/*!40101 SET character_set_client = @saved_cs_client */;

--
-- Dumping data for table `job`
--

LOCK TABLES `job` WRITE;
/*!40000 ALTER TABLE `job` DISABLE KEYS */;
INSERT INTO `job` VALUES (1,1,'a',1,5000000,NULL,'Cty TNHH chode','123 chuong cho','0123456987','chuongcho@123.com',NULL,'2023-09-05');
/*!40000 ALTER TABLE `job` ENABLE KEYS */;
UNLOCK TABLES;

--
-- Table structure for table `permission`
--

DROP TABLE IF EXISTS `permission`;
/*!40101 SET @saved_cs_client     = @@character_set_client */;
/*!50503 SET character_set_client = utf8mb4 */;
CREATE TABLE `permission` (
  `id` int NOT NULL AUTO_INCREMENT,
  `permission` varchar(100) DEFAULT NULL,
  PRIMARY KEY (`id`)
) ENGINE=InnoDB AUTO_INCREMENT=9 DEFAULT CHARSET=utf8mb4 COLLATE=utf8mb4_0900_ai_ci;
/*!40101 SET character_set_client = @saved_cs_client */;

--
-- Dumping data for table `permission`
--

LOCK TABLES `permission` WRITE;
/*!40000 ALTER TABLE `permission` DISABLE KEYS */;
INSERT INTO `permission` VALUES (1,'Add Job'),(2,'Delete Job'),(3,'Edit Job'),(4,'Edit Role'),(5,'Delete Role'),(6,'Add Role'),(7,'Delete User'),(8,'Change User Role');
/*!40000 ALTER TABLE `permission` ENABLE KEYS */;
UNLOCK TABLES;

--
-- Table structure for table `rating`
--

DROP TABLE IF EXISTS `rating`;
/*!40101 SET @saved_cs_client     = @@character_set_client */;
/*!50503 SET character_set_client = utf8mb4 */;
CREATE TABLE `rating` (
  `id` int NOT NULL AUTO_INCREMENT,
  `candidate_id` int NOT NULL,
  `employer_id` int NOT NULL,
  `star` int NOT NULL,
  `comment` text,
  PRIMARY KEY (`id`),
  KEY `fk_rating_student_idx` (`candidate_id`),
  KEY `fk_rating_employer_idx` (`employer_id`),
  CONSTRAINT `fk_rating_employer` FOREIGN KEY (`employer_id`) REFERENCES `user` (`id`),
  CONSTRAINT `fk_rating_student` FOREIGN KEY (`candidate_id`) REFERENCES `user` (`id`)
) ENGINE=InnoDB DEFAULT CHARSET=utf8mb4 COLLATE=utf8mb4_0900_ai_ci;
/*!40101 SET character_set_client = @saved_cs_client */;

--
-- Dumping data for table `rating`
--

LOCK TABLES `rating` WRITE;
/*!40000 ALTER TABLE `rating` DISABLE KEYS */;
/*!40000 ALTER TABLE `rating` ENABLE KEYS */;
UNLOCK TABLES;

--
-- Table structure for table `role`
--

DROP TABLE IF EXISTS `role`;
/*!40101 SET @saved_cs_client     = @@character_set_client */;
/*!50503 SET character_set_client = utf8mb4 */;
CREATE TABLE `role` (
  `id` int NOT NULL AUTO_INCREMENT,
  `role` varchar(100) NOT NULL,
  PRIMARY KEY (`id`)
) ENGINE=InnoDB AUTO_INCREMENT=4 DEFAULT CHARSET=utf8mb4 COLLATE=utf8mb4_0900_ai_ci;
/*!40101 SET character_set_client = @saved_cs_client */;

--
-- Dumping data for table `role`
--

LOCK TABLES `role` WRITE;
/*!40000 ALTER TABLE `role` DISABLE KEYS */;
INSERT INTO `role` VALUES (1,'admin'),(2,'candidate'),(3,'customer');
/*!40000 ALTER TABLE `role` ENABLE KEYS */;
UNLOCK TABLES;

--
-- Table structure for table `role_permission`
--

DROP TABLE IF EXISTS `role_permission`;
/*!40101 SET @saved_cs_client     = @@character_set_client */;
/*!50503 SET character_set_client = utf8mb4 */;
CREATE TABLE `role_permission` (
  `id` int NOT NULL AUTO_INCREMENT,
  `role_id` int NOT NULL,
  `permission_id` int NOT NULL,
  PRIMARY KEY (`id`),
  KEY `id_idx` (`role_id`),
  KEY `id_idx1` (`permission_id`),
  CONSTRAINT `fk_rp_permission` FOREIGN KEY (`permission_id`) REFERENCES `permission` (`id`),
  CONSTRAINT `fk_rp_role` FOREIGN KEY (`role_id`) REFERENCES `role` (`id`)
) ENGINE=InnoDB AUTO_INCREMENT=12 DEFAULT CHARSET=utf8mb4 COLLATE=utf8mb4_0900_ai_ci;
/*!40101 SET character_set_client = @saved_cs_client */;

--
-- Dumping data for table `role_permission`
--

LOCK TABLES `role_permission` WRITE;
/*!40000 ALTER TABLE `role_permission` DISABLE KEYS */;
INSERT INTO `role_permission` VALUES (1,1,1),(2,1,2),(3,1,3),(4,1,4),(5,1,5),(6,1,6),(7,1,7),(8,1,8),(9,2,1),(10,2,2),(11,2,3);
/*!40000 ALTER TABLE `role_permission` ENABLE KEYS */;
UNLOCK TABLES;

--
-- Table structure for table `skill`
--

DROP TABLE IF EXISTS `skill`;
/*!40101 SET @saved_cs_client     = @@character_set_client */;
/*!50503 SET character_set_client = utf8mb4 */;
CREATE TABLE `skill` (
  `id` int NOT NULL AUTO_INCREMENT,
  `userid` int NOT NULL,
  `skill` varchar(100) DEFAULT NULL,
  PRIMARY KEY (`id`),
  KEY `fk_skill_user_idx` (`userid`),
  CONSTRAINT `fk_skill_user` FOREIGN KEY (`userid`) REFERENCES `user` (`id`)
) ENGINE=InnoDB DEFAULT CHARSET=utf8mb4 COLLATE=utf8mb4_0900_ai_ci;
/*!40101 SET character_set_client = @saved_cs_client */;

--
-- Dumping data for table `skill`
--

LOCK TABLES `skill` WRITE;
/*!40000 ALTER TABLE `skill` DISABLE KEYS */;
/*!40000 ALTER TABLE `skill` ENABLE KEYS */;
UNLOCK TABLES;

--
-- Table structure for table `user`
--

DROP TABLE IF EXISTS `user`;
/*!40101 SET @saved_cs_client     = @@character_set_client */;
/*!50503 SET character_set_client = utf8mb4 */;
CREATE TABLE `user` (
  `id` int NOT NULL AUTO_INCREMENT,
  `first_name` varchar(45) CHARACTER SET utf8mb3 COLLATE utf8mb3_general_ci NOT NULL,
  `last_name` varchar(45) CHARACTER SET utf8mb3 COLLATE utf8mb3_general_ci NOT NULL,
  `image` varchar(255) CHARACTER SET utf8mb4 COLLATE utf8mb4_vietnamese_ci NOT NULL,
  `email` varchar(100) CHARACTER SET utf8mb4 COLLATE utf8mb4_0900_ai_ci NOT NULL,
  `phone` varchar(15) CHARACTER SET utf8mb4 COLLATE utf8mb4_0900_ai_ci NOT NULL,
  `sex` varchar(5) COLLATE utf8mb4_vietnamese_ci NOT NULL,
  `birth` date NOT NULL,
  `username` varchar(45) CHARACTER SET utf8mb4 COLLATE utf8mb4_0900_ai_ci NOT NULL,
  `password` varchar(255) CHARACTER SET utf8mb4 COLLATE utf8mb4_0900_ai_ci NOT NULL,
  `role_id` int DEFAULT NULL,
  `address` varchar(100) CHARACTER SET utf8mb4 COLLATE utf8mb4_vietnamese_ci DEFAULT NULL,
  `active` bit(1) DEFAULT b'1',
  `faculty_id` int DEFAULT NULL,
  `experience` int DEFAULT NULL,
  `filecv` varchar(255) CHARACTER SET utf8mb4 COLLATE utf8mb4_vietnamese_ci DEFAULT NULL,
  `curentposition` varchar(100) CHARACTER SET utf8mb4 COLLATE utf8mb4_vietnamese_ci DEFAULT NULL,
  `education` varchar(100) CHARACTER SET utf8mb4 COLLATE utf8mb4_vietnamese_ci DEFAULT NULL,
  `country` varchar(100) CHARACTER SET utf8mb4 COLLATE utf8mb4_vietnamese_ci DEFAULT NULL,
  `urlinfo` varchar(100) CHARACTER SET utf8mb4 COLLATE utf8mb4_vietnamese_ci DEFAULT NULL,
  PRIMARY KEY (`id`),
  KEY `id_idx` (`role_id`),
  KEY `fk_user_faculty_idx` (`faculty_id`),
  CONSTRAINT `fk_user_faculty` FOREIGN KEY (`faculty_id`) REFERENCES `faculty` (`id`),
  CONSTRAINT `fk_user_role` FOREIGN KEY (`role_id`) REFERENCES `role` (`id`)
) ENGINE=InnoDB AUTO_INCREMENT=2 DEFAULT CHARSET=utf8mb4 COLLATE=utf8mb4_vietnamese_ci;
/*!40101 SET character_set_client = @saved_cs_client */;

--
-- Dumping data for table `user`
--

LOCK TABLES `user` WRITE;
/*!40000 ALTER TABLE `user` DISABLE KEYS */;
INSERT INTO `user` VALUES (1,'Khang','Nguyễn','link','nguyenmanhkhang2002@gmail.com','0123456789','Nam','2002-02-02','Khang0202','012Khang012',1,NULL,_binary '',NULL,NULL,NULL,NULL,NULL,NULL,NULL);
/*!40000 ALTER TABLE `user` ENABLE KEYS */;
UNLOCK TABLES;
/*!40103 SET TIME_ZONE=@OLD_TIME_ZONE */;

/*!40101 SET SQL_MODE=@OLD_SQL_MODE */;
/*!40014 SET FOREIGN_KEY_CHECKS=@OLD_FOREIGN_KEY_CHECKS */;
/*!40014 SET UNIQUE_CHECKS=@OLD_UNIQUE_CHECKS */;
/*!40101 SET CHARACTER_SET_CLIENT=@OLD_CHARACTER_SET_CLIENT */;
/*!40101 SET CHARACTER_SET_RESULTS=@OLD_CHARACTER_SET_RESULTS */;
/*!40101 SET COLLATION_CONNECTION=@OLD_COLLATION_CONNECTION */;
/*!40111 SET SQL_NOTES=@OLD_SQL_NOTES */;

-- Dump completed on 2023-09-06  8:42:16
